Open time,Open,High,Low,Close,Volume,Close time,Quote asset volume,Number of trades,Taker buy base asset volume,Taker buy quote asset volume,Ignore
2026-05-06 00:00:00,80905.53,81262.28,80731.14,81030.01,876.19915,2026-05-06 00:59:59.999,70968679.4386151,110959.0,636.67979,51567109.227159,0.0
2026-05-06 01:00:00,81030.0,81534.23,80996.0,81439.34,803.82574,2026-05-06 01:59:59.999,65366448.8333712,103569.0,580.57502,47213605.0731816,0.0
2026-05-06 02:00:00,81439.34,81449.04,81047.01,81363.54,621.19491,2026-05-06 02:59:59.999,50466176.1410706,78385.0,349.43243,28387965.2594198,0.0
2026-05-06 03:00:00,81363.54,81760.84,81358.17,81581.69,710.52364,2026-05-06 03:59:59.999,57939766.423936,109321.0,415.85632,33911043.2237935,0.0
2026-05-06 04:00:00,81581.7,81649.99,81270.0,81331.1,575.6413,2026-05-06 04:59:59.999,46902387.4113849,93124.0,259.61557,21155394.8062765,0.0
2026-05-06 05:00:00,81331.1,81360.3,81060.0,81333.0,592.1865,2026-05-06 05:59:59.999,48102689.9454803,84618.0,300.16925,24388687.5839213,0.0
2026-05-06 06:00:00,81333.0,81516.9,81211.34,81476.71,524.1354,2026-05-06 06:59:59.999,42655704.2149638,70575.0,248.97453,20261295.1368134,0.0
2026-05-06 07:00:00,81476.71,81611.0,81307.81,81359.82,608.74333,2026-05-06 07:59:59.999,49588869.0441816,87612.0,245.58602,20008180.208651,0.0
2026-05-06 08:00:00,81359.82,81986.0,81328.68,81945.66,1353.41416,2026-05-06 08:59:59.999,110643623.9795944,156787.0,691.64025,56552195.0814155,0.0
2026-05-06 09:00:00,81945.66,82060.0,81682.7,81997.0,1096.7335,2026-05-06 09:59:59.999,89833586.8547738,130505.0,606.07461,49650203.4210255,0.0
2026-05-06 10:00:00,81997.0,82390.0,81953.25,82290.04,1302.85091,2026-05-06 10:59:59.999,107072448.783714,140037.0,751.58567,61769355.1696268,0.0
2026-05-06 11:00:00,82290.03,82850.0,82261.6,82522.89,1435.93329,2026-05-06 11:59:59.999,118605240.5147293,156288.0,835.21483,68985039.5089301,0.0
2026-05-06 12:00:00,82522.88,82539.33,82164.61,82220.47,820.9281,2026-05-06 12:59:59.999,67597251.0879828,128547.0,379.28326,31231484.7655648,0.0
2026-05-06 13:00:00,82220.47,82220.47,81600.0,81670.89,1247.90169,2026-05-06 13:59:59.999,102215660.2698548,256327.0,545.86266,44720782.6564697,0.0
2026-05-06 14:00:00,81670.9,81980.72,81136.0,81526.73,1615.07708,2026-05-06 14:59:59.999,131688079.3175765,263483.0,730.71193,59583706.8722826,0.0
2026-05-06 15:00:00,81526.74,81823.0,81316.28,81704.25,824.75333,2026-05-06 15:59:59.999,67297615.6214672,144650.0,409.78243,33441480.078845,0.0
2026-05-06 16:00:00,81704.25,81907.51,81431.16,81630.94,983.55485,2026-05-06 16:59:59.999,80356406.8573912,121435.0,624.45329,51033688.3191611,0.0
2026-05-06 17:00:00,81630.94,81709.32,81394.0,81452.63,417.39237,2026-05-06 17:59:59.999,34026753.1315471,100728.0,203.79538,16615720.4720723,0.0
2026-05-06 18:00:00,81452.63,81559.17,81271.06,81353.14,451.84587,2026-05-06 18:59:59.999,36787845.6110014,92193.0,207.03293,16858874.579848,0.0
2026-05-06 19:00:00,81353.15,81522.41,81200.0,81464.87,517.12437,2026-05-06 19:59:59.999,42074504.4411322,79252.0,299.7371,24388619.6062953,0.0
2026-05-06 20:00:00,81464.86,81700.0,81302.35,81427.52,436.46876,2026-05-06 20:59:59.999,35571219.9242229,74219.0,233.7136,19051812.7988058,0.0
2026-05-06 21:00:00,81427.52,81618.77,81294.64,81539.16,310.38464,2026-05-06 21:59:59.999,25293460.6543093,62102.0,131.77151,10737321.0208363,0.0
2026-05-06 22:00:00,81539.16,81540.91,81240.0,81342.39,229.58883,2026-05-06 22:59:59.999,18678662.4936221,68585.0,88.99752,7240044.5354436,0.0
2026-05-06 23:00:00,81342.39,81447.3,81000.0,81447.01,442.37224,2026-05-06 23:59:59.999,35917543.7653258,81406.0,200.14215,16255464.824375,0.0
2026-05-07 00:00:00,81447.01,81490.03,80980.0,81016.96,407.52958,2026-05-07 00:59:59.999,33092870.0025378,109604.0,196.48418,15962940.8572432,0.0
2026-05-07 01:00:00,81016.96,81284.67,80830.23,81167.8,565.39571,2026-05-07 01:59:59.999,45845040.7095068,130591.0,262.81584,21317708.6991365,0.0
2026-05-07 02:00:00,81167.79,81180.74,80883.54,81113.34,749.95215,2026-05-07 02:59:59.999,60723443.0032292,93990.0,398.09243,32233788.2668163,0.0
2026-05-07 03:00:00,81113.35,81113.35,80834.61,80834.91,345.29566,2026-05-07 03:59:59.999,27957498.6675634,58782.0,100.25285,8117102.8483475,0.0
2026-05-07 04:00:00,80834.92,80989.59,80725.09,80979.19,387.82747,2026-05-07 04:59:59.999,31368135.83755,66132.0,205.0664,16588380.9476694,0.0
2026-05-07 05:00:00,80979.19,81172.27,80974.06,81088.0,355.34634,2026-05-07 05:59:59.999,28812521.9606502,55988.0,221.61904,17970634.7022638,0.0
2026-05-07 06:00:00,81088.0,81443.21,80874.41,81438.61,613.68575,2026-05-07 06:59:59.999,49811553.4820319,85859.0,353.70806,28723889.9601308,0.0
2026-05-07 07:00:00,81438.62,81708.32,81390.3,81518.58,681.98013,2026-05-07 07:59:59.999,55623212.0696069,102529.0,366.76453,29915879.696885,0.0
2026-05-07 08:00:00,81518.57,81590.0,81194.74,81231.24,647.38206,2026-05-07 08:59:59.999,52689795.1720421,93066.0,256.87282,20906340.1442596,0.0
2026-05-07 09:00:00,81231.25,81231.25,80852.33,80929.0,659.04219,2026-05-07 09:59:59.999,53392652.7046613,85501.0,329.2012,26664133.8043816,0.0
2026-05-07 10:00:00,80929.0,80997.0,80572.4,80850.75,690.56353,2026-05-07 10:59:59.999,55803373.3472854,83111.0,361.24476,29192443.592348,0.0
2026-05-07 11:00:00,80850.76,81041.15,80786.5,80866.65,367.10915,2026-05-07 11:59:59.999,29707434.741063,65573.0,174.23627,14099527.8563818,0.0
2026-05-07 12:00:00,80866.65,81180.0,80846.87,81162.01,429.19223,2026-05-07 12:59:59.999,34783045.59708,82974.0,271.44357,21997729.8660023,0.0
2026-05-07 13:00:00,81162.0,81162.01,80260.98,80503.68,1211.56578,2026-05-07 13:59:59.999,97696809.6661784,210688.0,547.4153,44138665.3588953,0.0
2026-05-07 14:00:00,80503.69,80685.7,80046.0,80171.38,1538.09475,2026-05-07 14:59:59.999,123596097.8996839,205689.0,637.46566,51219323.6328919,0.0
2026-05-07 15:00:00,80171.37,80271.42,79699.52,79890.63,1647.8103,2026-05-07 15:59:59.999,131759796.5705609,200568.0,678.00516,54213366.0541776,0.0
2026-05-07 16:00:00,79890.0,80020.0,79646.79,79801.08,1424.92395,2026-05-07 16:59:59.999,113717784.5930728,173107.0,627.24356,50066286.1412339,0.0
2026-05-07 17:00:00,79801.08,80135.17,79500.0,80094.52,919.74045,2026-05-07 17:59:59.999,73395449.1752707,150300.0,458.56001,36603117.5853785,0.0
2026-05-07 18:00:00,80094.52,80269.06,80004.4,80200.59,527.27769,2026-05-07 18:59:59.999,42268659.4042081,113138.0,226.38453,18146874.8449308,0.0
2026-05-07 19:00:00,80200.6,80224.0,79934.3,80146.11,443.20216,2026-05-07 19:59:59.999,35497789.7206518,92695.0,199.14259,15948166.1824165,0.0
2026-05-07 20:00:00,80146.77,80371.23,79859.51,79879.99,400.51449,2026-05-07 20:59:59.999,32088240.5800116,77187.0,188.88099,15135215.2654017,0.0
2026-05-07 21:00:00,79880.0,79934.92,79660.0,79735.01,401.75461,2026-05-07 21:59:59.999,32064986.4665729,69328.0,174.13049,13897860.3043666,0.0
2026-05-07 22:00:00,79735.0,79990.0,79582.95,79919.01,495.14556,2026-05-07 22:59:59.999,39517119.8338729,89161.0,259.2815,20695301.3258645,0.0
2026-05-07 23:00:00,79919.0,80068.03,79871.98,80006.0,244.47169,2026-05-07 23:59:59.999,19553070.8974419,44768.0,130.83705,10464080.8099077,0.0
2026-05-08 00:00:00,80006.0,80142.84,79729.72,79831.99,958.06006,2026-05-08 00:59:59.999,76636658.9620897,67626.0,559.85461,44801546.158025,0.0
2026-05-08 01:00:00,79831.98,79900.11,79612.63,79740.01,539.33838,2026-05-08 01:59:59.999,43021133.112408,60400.0,259.4241,20693153.5699906,0.0
2026-05-08 02:00:00,79740.01,79761.61,79316.99,79488.46,1066.54641,2026-05-08 02:59:59.999,84774005.1984473,121413.0,463.38946,36837243.5214824,0.0
2026-05-08 03:00:00,79488.47,79666.66,79181.48,79578.85,529.79179,2026-05-08 03:59:59.999,42089636.5091253,95701.0,276.42972,21964317.0483745,0.0
2026-05-08 04:00:00,79578.84,79748.0,79551.26,79655.23,317.73705,2026-05-08 04:59:59.999,25310842.8548898,54761.0,164.65991,13117687.5785956,0.0
2026-05-08 05:00:00,79655.22,79778.95,79600.0,79600.01,307.79364,2026-05-08 05:59:59.999,24523168.0379827,45878.0,141.41529,11266310.7441496,0.0
2026-05-08 06:00:00,79600.01,79654.0,79411.0,79525.76,792.09671,2026-05-08 06:59:59.999,62997807.803982,79916.0,350.63683,27884886.3899207,0.0
2026-05-08 07:00:00,79525.77,79727.0,79248.58,79682.4,992.93778,2026-05-08 07:59:59.999,78897553.2149294,117321.0,516.57722,41058553.8265433,0.0
2026-05-08 08:00:00,79682.4,79987.27,79666.05,79886.01,628.59636,2026-05-08 08:59:59.999,50159551.0699193,63160.0,409.15639,32648497.0586336,0.0
2026-05-08 09:00:00,79886.0,80061.17,79794.88,79872.72,481.81051,2026-05-08 09:59:59.999,38509342.927229,57976.0,214.43244,17138095.6458258,0.0
2026-05-08 10:00:00,79872.72,80278.92,79788.01,80212.56,650.80764,2026-05-08 10:59:59.999,52119317.9902974,85293.0,385.24547,30850750.8861072,0.0
2026-05-08 11:00:00,80212.55,80340.94,80127.54,80231.22,586.98252,2026-05-08 11:59:59.999,47098999.4585,83205.0,336.82887,27026911.9744738,0.0
2026-05-08 12:00:00,80231.22,80500.0,79966.14,80025.82,831.54339,2026-05-08 12:59:59.999,66716136.1402844,108134.0,432.66708,34721327.0135603,0.0
2026-05-08 13:00:00,80025.81,80095.99,79549.54,79647.8,1091.58342,2026-05-08 13:59:59.999,87038288.8312259,186990.0,516.21403,41158258.9163841,0.0
2026-05-08 14:00:00,79647.81,80441.79,79647.8,80150.97,1005.3745,2026-05-08 14:59:59.999,80539283.6726126,232352.0,559.65414,44825159.5302211,0.0
2026-05-08 15:00:00,80150.97,80200.0,79625.0,80142.14,812.90032,2026-05-08 15:59:59.999,64987977.3154914,169828.0,456.57279,36504363.7829757,0.0
2026-05-08 16:00:00,80142.13,80182.18,79741.3,79802.34,665.763,2026-05-08 16:59:59.999,53212392.2280763,116614.0,345.78588,27636505.3255624,0.0
2026-05-08 17:00:00,79802.35,80261.87,79738.75,80060.0,1502.98426,2026-05-08 17:59:59.999,120404466.3077734,146947.0,911.61759,73029401.5894698,0.0
2026-05-08 18:00:00,80060.0,80299.99,80059.99,80078.4,470.37331,2026-05-08 18:59:59.999,37726970.1842474,103432.0,219.33518,17592204.7625954,0.0
2026-05-08 19:00:00,80078.39,80181.66,79954.54,80179.94,408.77976,2026-05-08 19:59:59.999,32730381.9530209,73140.0,183.44725,14690626.6097537,0.0
2026-05-08 20:00:00,80180.0,80299.93,80089.76,80133.09,330.63666,2026-05-08 20:59:59.999,26520818.6044115,53789.0,183.03104,14681448.4229391,0.0
2026-05-08 21:00:00,80133.08,80264.0,80116.32,80263.99,269.62208,2026-05-08 21:59:59.999,21622750.5009975,46676.0,144.24155,11567808.2840185,0.0
2026-05-08 22:00:00,80264.0,80409.09,80238.42,80262.0,318.15524,2026-05-08 22:59:59.999,25555757.0163684,52351.0,170.58861,13703395.38703,0.0
2026-05-08 23:00:00,80262.0,80299.27,80111.02,80193.17,441.0953,2026-05-08 23:59:59.999,35372805.5229522,42469.0,127.18109,10201582.1658318,0.0
2026-05-09 00:00:00,80193.18,80240.87,80129.85,80238.76,206.53644,2026-05-09 00:59:59.999,16561246.0120294,38749.0,106.31422,8525158.4007721,0.0
2026-05-09 01:00:00,80238.75,80446.58,80217.46,80327.75,266.81337,2026-05-09 01:59:59.999,21435793.4595602,44427.0,175.29066,14083198.1637051,0.0
2026-05-09 02:00:00,80327.75,80477.47,80327.75,80417.87,231.63268,2026-05-09 02:59:59.999,18626864.2759484,46355.0,133.74844,10754998.8731872,0.0
2026-05-09 03:00:00,80417.88,80550.67,80307.76,80383.95,388.12699,2026-05-09 03:59:59.999,31214117.3835377,40049.0,202.59974,16294587.6987004,0.0
2026-05-09 04:00:00,80383.96,80666.66,80373.55,80379.9,404.43634,2026-05-09 04:59:59.999,32558245.0502436,58360.0,226.70164,18252200.7665329,0.0
2026-05-09 05:00:00,80379.9,80480.49,80343.0,80379.49,360.73513,2026-05-09 05:59:59.999,29001792.2405959,38150.0,177.5589,14275775.0921696,0.0
2026-05-09 06:00:00,80379.5,80428.01,80201.6,80263.92,270.37474,2026-05-09 06:59:59.999,21710521.8805569,43777.0,138.35767,11110357.7663115,0.0
2026-05-09 07:00:00,80263.93,80309.05,80135.0,80228.89,445.94164,2026-05-09 07:59:59.999,35772648.7510821,38220.0,210.23672,16866843.1966692,0.0
2026-05-09 08:00:00,80228.88,80452.44,80220.0,80407.12,297.06841,2026-05-09 08:59:59.999,23882258.0085007,32167.0,174.53861,14030278.427855,0.0
2026-05-09 09:00:00,80407.12,80415.83,80214.0,80242.53,211.41081,2026-05-09 09:59:59.999,16972602.0151138,31591.0,98.00903,7868270.8742899,0.0
2026-05-09 10:00:00,80242.54,80346.94,80166.26,80264.02,234.54075,2026-05-09 10:59:59.999,18818878.398538,30009.0,118.85537,9536414.0969256,0.0
2026-05-09 11:00:00,80264.01,80366.07,80256.95,80345.46,266.71827,2026-05-09 11:59:59.999,21423368.078652,23343.0,172.75278,13875178.8359695,0.0
2026-05-09 12:00:00,80345.47,80416.21,80274.03,80397.97,357.45715,2026-05-09 12:59:59.999,28722681.1226735,32144.0,245.65837,19738723.19284,0.0
2026-05-09 13:00:00,80397.97,80422.0,80318.7,80391.18,341.73909,2026-05-09 13:59:59.999,27466352.8819646,32401.0,220.35946,17710951.3665458,0.0
2026-05-09 14:00:00,80391.18,80426.9,80254.71,80332.22,322.24573,2026-05-09 14:59:59.999,25883852.0312398,43576.0,175.29005,14079640.5211177,0.0
2026-05-09 15:00:00,80332.23,80600.0,80234.0,80527.92,418.47876,2026-05-09 15:59:59.999,33656956.9251338,57952.0,261.99258,21072147.2644558,0.0
2026-05-09 16:00:00,80527.92,80777.0,80487.4,80625.01,546.55445,2026-05-09 16:59:59.999,44070919.9347547,74885.0,294.62718,23756489.3907672,0.0
2026-05-09 17:00:00,80625.0,80928.56,80625.0,80812.7,430.13867,2026-05-09 17:59:59.999,34753469.1654025,63613.0,214.07245,17294645.6243555,0.0
2026-05-09 18:00:00,80812.69,81080.0,80787.39,80907.65,339.35386,2026-05-09 18:59:59.999,27467377.3678934,50106.0,206.38485,16704650.5975292,0.0
2026-05-09 19:00:00,80907.66,80958.0,80776.99,80938.53,217.80867,2026-05-09 19:59:59.999,17614551.4714784,39052.0,103.01271,8331788.6054521,0.0
2026-05-09 20:00:00,80938.53,80938.53,80744.98,80805.5,144.14004,2026-05-09 20:59:59.999,11648951.7463869,30610.0,52.99293,4282457.4221949,0.0
2026-05-09 21:00:00,80805.51,80896.0,80744.98,80780.83,149.85415,2026-05-09 21:59:59.999,12108739.99185,33300.0,57.15052,4618159.030661,0.0
2026-05-09 22:00:00,80780.83,80823.24,80670.01,80782.38,199.54802,2026-05-09 22:59:59.999,16114672.3733025,41222.0,116.54019,9411548.4979391,0.0
2026-05-09 23:00:00,80782.38,80850.0,80621.88,80678.4,496.76761,2026-05-09 23:59:59.999,40109365.4199813,38315.0,149.68059,12080076.6185589,0.0
2026-05-10 00:00:00,80678.41,80770.51,80610.64,80680.04,346.27712,2026-05-10 00:59:59.999,27938364.7570953,45375.0,173.73053,14017391.478943,0.0
2026-05-10 01:00:00,80680.03,80690.73,80572.77,80685.56,410.62072,2026-05-10 01:59:59.999,33105508.2426113,43216.0,210.6557,16983738.9022497,0.0
2026-05-10 02:00:00,80685.55,80790.0,80611.0,80777.42,290.59888,2026-05-10 02:59:59.999,23451635.2167937,33816.0,156.10614,12599906.0893828,0.0
2026-05-10 03:00:00,80777.42,80887.15,80709.59,80775.0,284.77121,2026-05-10 03:59:59.999,23007404.0488843,32583.0,148.7599,12018844.7096753,0.0
2026-05-10 04:00:00,80774.99,80840.0,80722.78,80759.93,253.45188,2026-05-10 04:59:59.999,20473639.975586,33078.0,133.49396,10784627.2239845,0.0
2026-05-10 05:00:00,80759.93,80816.52,80682.0,80700.77,372.73913,2026-05-10 05:59:59.999,30101404.0920063,35968.0,170.23394,13747989.5624379,0.0
2026-05-10 06:00:00,80700.76,80753.04,80658.97,80733.75,211.5502,2026-05-10 06:59:59.999,17073438.6840972,35863.0,105.63749,8525620.491646,0.0
2026-05-10 07:00:00,80733.75,80827.14,80720.1,80736.03,400.67517,2026-05-10 07:59:59.999,32362774.35034,32285.0,230.74152,18637934.3297737,0.0
2026-05-10 08:00:00,80736.03,80909.65,80715.33,80830.33,252.36808,2026-05-10 08:59:59.999,20396915.0055845,35473.0,145.09957,11728683.4192189,0.0
2026-05-10 09:00:00,80830.34,80913.8,80756.53,80807.96,237.31778,2026-05-10 09:59:59.999,19181961.0173351,33556.0,113.55076,9177620.3554491,0.0
2026-05-10 10:00:00,80807.95,80883.48,80691.0,80873.79,279.49023,2026-05-10 10:59:59.999,22578671.5416903,40473.0,135.90842,10979220.512713,0.0
2026-05-10 11:00:00,80873.8,80975.4,80750.0,80821.21,339.53296,2026-05-10 11:59:59.999,27455513.6288291,42009.0,187.17359,15137653.0061353,0.0
2026-05-10 12:00:00,80821.21,80950.0,80784.2,80927.72,235.68491,2026-05-10 12:59:59.999,19065459.4387559,39859.0,115.06068,9307463.0175561,0.0
2026-05-10 13:00:00,80927.71,81000.01,80865.44,80971.67,254.25083,2026-05-10 13:59:59.999,20582051.9712769,45884.0,126.30231,10224740.0564178,0.0
2026-05-10 14:00:00,80971.66,80999.36,80816.22,80990.11,372.4586,2026-05-10 14:59:59.999,30145354.8445561,50898.0,184.80407,14958018.8042838,0.0
2026-05-10 15:00:00,80990.11,81442.81,80936.0,81418.01,780.28503,2026-05-10 15:59:59.999,63335108.1105378,112364.0,461.56052,37469591.8014999,0.0
2026-05-10 16:00:00,81418.01,81500.0,81200.0,81378.25,595.22707,2026-05-10 16:59:59.999,48432813.6804772,86414.0,302.54564,24617555.7546173,0.0
2026-05-10 17:00:00,81378.25,81583.11,81220.0,81476.18,599.74468,2026-05-10 17:59:59.999,48816561.8739407,90133.0,362.0081,29467086.8248334,0.0
2026-05-10 18:00:00,81476.18,81493.11,81231.14,81271.96,268.90805,2026-05-10 18:59:59.999,21879421.4964417,52194.0,113.41922,9228321.3995593,0.0
2026-05-10 19:00:00,81271.96,81481.92,81148.0,81437.83,334.34752,2026-05-10 19:59:59.999,27205027.8264855,55929.0,187.712,15277948.881631,0.0
2026-05-10 20:00:00,81437.83,81459.66,80279.77,80734.88,1021.73969,2026-05-10 20:59:59.999,82566209.4407914,188726.0,406.44396,32849770.6540403,0.0
2026-05-10 21:00:00,80734.88,80944.44,80571.97,80720.47,691.73163,2026-05-10 21:59:59.999,55893676.4791432,119158.0,378.92038,30619793.1012552,0.0
2026-05-10 22:00:00,80720.47,82171.96,80666.66,82044.49,1804.86462,2026-05-10 22:59:59.999,147314931.1519242,310109.0,1125.50849,91851743.3277902,0.0
2026-05-10 23:00:00,82044.49,82479.32,82044.49,82210.07,1395.68283,2026-05-10 23:59:59.999,114859867.3882908,206245.0,720.51971,59293927.810043,0.0
2026-05-11 00:00:00,82210.07,82380.0,81280.0,81471.13,1294.00066,2026-05-11 00:59:59.999,105810972.444801,209298.0,609.1402,49827487.7977234,0.0
2026-05-11 01:00:00,81471.13,81744.85,81291.23,81501.72,495.92379,2026-05-11 01:59:59.999,40425195.0910495,141118.0,301.07378,24541297.3364058,0.0
2026-05-11 02:00:00,81501.73,81572.4,81117.64,81169.08,491.97068,2026-05-11 02:59:59.999,39984280.4842264,120235.0,225.53058,18327664.7109514,0.0
2026-05-11 03:00:00,81169.09,81188.97,80525.0,80736.01,857.95581,2026-05-11 03:59:59.999,69259137.0321585,144136.0,323.77803,26131221.0646432,0.0
2026-05-11 04:00:00,80736.0,80879.12,80639.99,80824.61,378.47076,2026-05-11 04:59:59.999,30553280.4974916,65543.0,182.23515,14715193.630477,0.0
2026-05-11 05:00:00,80824.61,80981.8,80761.73,80832.33,423.68877,2026-05-11 05:59:59.999,34257094.7538248,57249.0,175.76638,14212578.9900141,0.0
2026-05-11 06:00:00,80832.34,81049.51,80762.0,80822.86,296.00491,2026-05-11 06:59:59.999,23941029.9513342,59178.0,96.09492,7773687.3388569,0.0
2026-05-11 07:00:00,80822.86,80840.3,80663.11,80740.4,496.93812,2026-05-11 07:59:59.999,40129617.3839453,62219.0,187.50471,15142292.7170789,0.0
2026-05-11 08:00:00,80740.4,80863.42,80621.87,80767.97,463.92135,2026-05-11 08:59:59.999,37470322.1342501,67535.0,245.17124,19804181.6973093,0.0
2026-05-11 09:00:00,80767.97,80997.63,80758.3,80966.57,330.83757,2026-05-11 09:59:59.999,26767184.0894726,52736.0,155.42614,12575272.1810767,0.0
2026-05-11 10:00:00,80966.58,81200.0,80940.0,80940.0,488.26383,2026-05-11 10:59:59.999,39586282.883327,84856.0,214.47815,17389290.4494899,0.0
2026-05-11 11:00:00,80940.0,81196.95,80900.0,81196.94,356.37085,2026-05-11 11:59:59.999,28896558.0877311,66506.0,203.93318,16535728.562859,0.0
2026-05-11 12:00:00,81196.95,81356.46,81029.77,81054.65,485.8963,2026-05-11 12:59:59.999,39445901.8788231,106655.0,229.99217,18673959.119587,0.0
2026-05-11 13:00:00,81054.65,81332.29,80739.63,81072.0,767.39683,2026-05-11 13:59:59.999,62199096.1890349,180484.0,368.45322,29872968.7784561,0.0
2026-05-11 14:00:00,81072.01,81252.72,80462.97,80953.38,767.64104,2026-05-11 14:59:59.999,62029026.9408749,207388.0,351.54572,28414899.3843417,0.0
2026-05-11 15:00:00,80953.39,81458.0,80826.02,81445.9,647.30001,2026-05-11 15:59:59.999,52569627.7202375,155632.0,333.73943,27108281.2647853,0.0
2026-05-11 16:00:00,81445.89,81910.35,81344.72,81575.85,1113.46844,2026-05-11 16:59:59.999,90990645.9999455,177209.0,542.31597,44316450.6036537,0.0
2026-05-11 17:00:00,81575.84,82071.77,81369.42,81941.09,565.28919,2026-05-11 17:59:59.999,46241223.333616,130148.0,305.81772,25019883.9325703,0.0
2026-05-11 18:00:00,81941.09,82137.26,81836.15,81858.96,536.09834,2026-05-11 18:59:59.999,43957377.7758287,122807.0,272.30038,22328838.2317311,0.0
2026-05-11 19:00:00,81858.97,82091.11,81739.09,81961.99,458.6097,2026-05-11 19:59:59.999,37583434.9264652,99644.0,269.40848,22079528.3067489,0.0
2026-05-11 20:00:00,81961.99,82078.91,81758.5,81821.02,322.40099,2026-05-11 20:59:59.999,26415221.3273486,80962.0,149.79591,12273711.2577993,0.0
2026-05-11 21:00:00,81821.03,81906.35,81600.0,81821.18,268.82965,2026-05-11 21:59:59.999,21974056.1595074,71491.0,110.48953,9031062.5626213,0.0
2026-05-11 22:00:00,81821.18,81969.99,81729.99,81833.92,366.43361,2026-05-11 22:59:59.999,29984455.3474919,65303.0,159.00347,13010273.7167149,0.0
2026-05-11 23:00:00,81833.92,81833.92,81596.31,81745.65,278.04936,2026-05-11 23:59:59.999,22722648.4429698,48064.0,119.37903,9755165.8605085,0.0
2026-05-12 00:00:00,81745.66,81788.0,81478.75,81545.2,419.66559,2026-05-12 00:59:59.999,34237174.1454403,80560.0,186.9045,15247191.2323274,0.0
2026-05-12 01:00:00,81545.2,81615.67,80714.28,81199.18,866.00547,2026-05-12 01:59:59.999,70232184.6697516,171646.0,353.47113,28669785.8095748,0.0
2026-05-12 02:00:00,81199.18,81332.29,81087.63,81249.93,386.77691,2026-05-12 02:59:59.999,31406837.7854111,75315.0,197.65791,16052703.5354808,0.0
2026-05-12 03:00:00,81249.93,81294.42,81024.41,81058.8,187.87319,2026-05-12 03:59:59.999,15248041.3497108,60524.0,83.9267,6811571.3952978,0.0
2026-05-12 04:00:00,81058.79,81303.99,81000.0,81240.01,398.28206,2026-05-12 04:59:59.999,32329942.9890934,57096.0,216.44555,17572554.3526147,0.0
2026-05-12 05:00:00,81240.01,81305.24,81181.56,81224.03,329.93857,2026-05-12 05:59:59.999,26808069.4674166,54329.0,122.72438,9972184.7467503,0.0
2026-05-12 06:00:00,81224.04,81300.0,81010.01,81022.44,448.36294,2026-05-12 06:59:59.999,36392772.1674836,63088.0,177.76663,14431197.3528589,0.0
2026-05-12 07:00:00,81022.44,81137.27,80800.77,80865.4,603.31882,2026-05-12 07:59:59.999,48850496.9499929,94155.0,311.65295,25235476.2021838,0.0
2026-05-12 08:00:00,80865.4,80964.13,80760.53,80843.31,478.61372,2026-05-12 08:59:59.999,38709434.5877854,71518.0,284.26296,22991421.7256,0.0
2026-05-12 09:00:00,80843.3,80963.35,80720.0,80837.15,506.71585,2026-05-12 09:59:59.999,40964908.7516419,75137.0,296.60545,23981460.010573,0.0
2026-05-12 10:00:00,80837.15,80848.27,80601.27,80666.37,487.71377,2026-05-12 10:59:59.999,39370519.0344323,71502.0,232.10931,18738023.6749545,0.0
2026-05-12 11:00:00,80666.38,80785.38,80496.57,80784.87,500.02112,2026-05-12 11:59:59.999,40317804.1344314,76762.0,270.91562,21848346.2947369,0.0
2026-05-12 12:00:00,80784.86,80999.0,80619.19,80881.26,585.87948,2026-05-12 12:59:59.999,47353845.2866338,130158.0,316.47156,25579664.3354719,0.0
2026-05-12 13:00:00,80881.25,80928.26,80397.07,80466.91,795.94705,2026-05-12 13:59:59.999,64237911.8122357,174593.0,356.30691,28760568.6376434,0.0
2026-05-12 14:00:00,80466.91,80888.01,80397.88,80540.0,865.59094,2026-05-12 14:59:59.999,69783490.2307086,215218.0,450.10736,36291308.7295879,0.0
2026-05-12 15:00:00,80540.0,80676.78,80188.65,80336.01,958.32005,2026-05-12 15:59:59.999,77034621.1365757,190809.0,340.77844,27399924.6577859,0.0
2026-05-12 16:00:00,80336.01,80435.99,79843.59,80000.01,1473.4545,2026-05-12 16:59:59.999,118151504.7711914,170555.0,450.73529,36142564.3611915,0.0
2026-05-12 17:00:00,80000.01,80593.06,79951.05,80527.69,486.64257,2026-05-12 17:59:59.999,39093638.2185861,122455.0,292.17523,23466930.4643274,0.0
2026-05-12 18:00:00,80527.69,80763.81,80430.0,80679.12,367.3581,2026-05-12 18:59:59.999,29601094.3825639,89346.0,183.69261,14802531.5755863,0.0
2026-05-12 19:00:00,80679.11,80874.42,80679.11,80834.64,346.22158,2026-05-12 19:59:59.999,27967842.0292384,71477.0,167.84197,13558721.9307813,0.0
2026-05-12 20:00:00,80835.3,80896.25,80642.85,80696.87,292.49967,2026-05-12 20:59:59.999,23632767.922002,60010.0,161.48753,13050279.1291826,0.0
2026-05-12 21:00:00,80696.87,80738.0,80497.0,80587.44,202.53849,2026-05-12 21:59:59.999,16328208.4181601,56092.0,103.97119,8381793.9924019,0.0
2026-05-12 22:00:00,80587.45,80791.94,80587.45,80656.43,151.10909,2026-05-12 22:59:59.999,12191877.7538317,58382.0,68.03065,5488485.0410069,0.0
2026-05-12 23:00:00,80656.44,80714.0,80439.91,80504.47,247.40723,2026-05-12 23:59:59.999,19935179.4463583,54410.0,90.16202,7265150.8988809,0.0
2026-05-13 00:00:00,80504.47,80768.95,80412.15,80718.0,230.81443,2026-05-13 00:59:59.999,18606486.0787889,91105.0,117.30563,9457393.6330895,0.0
2026-05-13 01:00:00,80718.0,81195.69,80683.12,81006.0,633.76198,2026-05-13 01:59:59.999,51363104.9215102,121813.0,366.14063,29668968.4948346,0.0
2026-05-13 02:00:00,81005.99,81281.66,80934.69,81050.0,333.93602,2026-05-13 02:59:59.999,27073363.9935471,69413.0,152.40773,12357481.5179,0.0
2026-05-13 03:00:00,81050.0,81299.99,80976.27,81249.99,377.40594,2026-05-13 03:59:59.999,30613275.6789892,51901.0,230.85099,18724373.9876267,0.0
2026-05-13 04:00:00,81249.99,81281.07,81124.87,81231.96,253.70329,2026-05-13 04:59:59.999,20602047.1102783,48875.0,141.02626,11452737.2162562,0.0
2026-05-13 05:00:00,81231.96,81247.22,80999.99,81019.99,266.87053,2026-05-13 05:59:59.999,21644839.4734514,42837.0,90.22959,7318863.5401967,0.0
2026-05-13 06:00:00,81020.0,81160.36,80972.94,80980.05,499.1653,2026-05-13 06:59:59.999,40461583.0991523,54498.0,175.15169,14199285.1063131,0.0
2026-05-13 07:00:00,80980.06,81049.01,80889.12,81026.92,476.02435,2026-05-13 07:59:59.999,38536754.0801906,52484.0,226.17505,18312551.6699827,0.0
2026-05-13 08:00:00,81026.92,81200.0,80943.63,81196.57,372.92514,2026-05-13 08:59:59.999,30238042.9781081,68614.0,212.84302,17258055.4857973,0.0
2026-05-13 09:00:00,81196.57,81324.64,81137.77,81291.38,435.50222,2026-05-13 09:59:59.999,35384048.8549718,64102.0,216.45964,17587852.9843169,0.0
2026-05-13 10:00:00,81291.37,81298.5,80809.01,80809.01,364.76288,2026-05-13 10:59:59.999,29553001.6048504,71918.0,152.29299,12335280.9775136,0.0
2026-05-13 11:00:00,80809.01,80843.87,80494.98,80501.22,668.09274,2026-05-13 11:59:59.999,53867443.4956381,101546.0,301.40355,24302140.7539968,0.0
2026-05-13 12:00:00,80501.22,80592.65,79852.0,80202.78,1194.36751,2026-05-13 12:59:59.999,95781621.7030989,196730.0,556.80148,44656397.1586366,0.0
2026-05-13 13:00:00,80202.78,80345.45,79576.47,79656.01,1205.27854,2026-05-13 13:59:59.999,96298956.6206803,214865.0,570.37969,45578644.5151687,0.0
2026-05-13 14:00:00,79656.01,79898.0,79481.56,79756.01,942.38578,2026-05-13 14:59:59.999,75108253.8739865,172164.0,449.47225,35832881.6362745,0.0
2026-05-13 15:00:00,79756.02,79856.08,78807.22,78827.21,1731.43058,2026-05-13 15:59:59.999,137204913.078348,220114.0,658.77297,52221171.4474261,0.0
2026-05-13 16:00:00,78827.21,79222.22,78754.65,79108.39,1522.11383,2026-05-13 16:59:59.999,120176827.8177289,181918.0,681.84664,53844554.0947387,0.0
2026-05-13 17:00:00,79108.39,79556.36,79100.0,79514.97,611.40519,2026-05-13 17:59:59.999,48490117.927458,92102.0,326.2825,25875651.610649,0.0
2026-05-13 18:00:00,79514.97,79800.0,79514.97,79598.15,747.58594,2026-05-13 18:59:59.999,59574410.7972167,103014.0,453.40822,36134070.4981778,0.0
2026-05-13 19:00:00,79598.15,79646.29,79400.0,79642.41,463.49581,2026-05-13 19:59:59.999,36860911.5275944,78120.0,261.75375,20818894.8056501,0.0
2026-05-13 20:00:00,79642.41,79760.0,79622.7,79698.95,225.22286,2026-05-13 20:59:59.999,17946408.1773808,49988.0,147.33768,11740073.1966629,0.0
2026-05-13 21:00:00,79698.95,79705.73,79340.39,79398.54,418.00056,2026-05-13 21:59:59.999,33219202.3430505,67406.0,222.81955,17707559.5910195,0.0
2026-05-13 22:00:00,79398.54,79470.0,79228.0,79428.46,338.28664,2026-05-13 22:59:59.999,26845331.788562,71621.0,183.22455,14540676.2228762,0.0
2026-05-13 23:00:00,79428.46,79499.01,79233.83,79313.61,497.51837,2026-05-13 23:59:59.999,39478895.8442422,63422.0,267.25577,21204436.6890908,0.0
2026-05-14 00:00:00,79313.61,79681.73,79308.0,79580.0,443.66772,2026-05-14 00:59:59.999,35278540.1395545,80912.0,308.86743,24558123.8638328,0.0
2026-05-14 01:00:00,79580.0,79681.73,79409.42,79604.6,369.48629,2026-05-14 01:59:59.999,29403676.3458954,78900.0,205.05917,16318599.6295761,0.0
2026-05-14 02:00:00,79604.61,79676.11,79222.22,79370.24,684.03959,2026-05-14 02:59:59.999,54437936.6490468,84024.0,301.00902,23957064.5935722,0.0
2026-05-14 03:00:00,79370.24,79460.0,78922.0,79044.85,712.36112,2026-05-14 03:59:59.999,56419945.6467915,153490.0,310.16831,24574333.3456604,0.0
2026-05-14 04:00:00,79044.86,79474.41,78982.06,79451.63,437.35487,2026-05-14 04:59:59.999,34678525.5034308,74853.0,288.30964,22862608.2297688,0.0
2026-05-14 05:00:00,79451.62,79998.0,79359.49,79809.16,850.16622,2026-05-14 05:59:59.999,67714774.1526329,103063.0,458.09043,36496834.4944338,0.0
2026-05-14 06:00:00,79809.15,79953.35,79769.12,79804.71,301.13354,2026-05-14 06:59:59.999,24047929.7152209,63253.0,139.96864,11178614.2136617,0.0
2026-05-14 07:00:00,79804.72,79937.59,79702.05,79745.98,480.32483,2026-05-14 07:59:59.999,38349620.3578426,67783.0,221.98095,17726166.9486009,0.0
2026-05-14 08:00:00,79745.99,79936.98,79644.44,79821.56,652.77033,2026-05-14 08:59:59.999,52099204.8884906,84347.0,354.31996,28280644.3233393,0.0
2026-05-14 09:00:00,79821.55,79905.99,79569.81,79635.52,445.75367,2026-05-14 09:59:59.999,35535609.5007779,62776.0,197.11447,15715209.4251961,0.0
2026-05-14 10:00:00,79635.53,79756.98,79409.42,79570.01,384.95969,2026-05-14 10:59:59.999,30645095.9161374,73315.0,182.66127,14542942.3799984,0.0
2026-05-14 11:00:00,79570.01,79600.0,79234.0,79258.27,362.97846,2026-05-14 11:59:59.999,28814110.0706889,68466.0,162.93794,12933488.5766332,0.0
2026-05-14 12:00:00,79258.27,79775.02,79230.31,79767.11,526.41242,2026-05-14 12:59:59.999,41855480.8717399,89322.0,330.25699,26259805.6616382,0.0
2026-05-14 13:00:00,79767.1,80059.71,79670.88,79701.73,1000.54213,2026-05-14 13:59:59.999,79926514.0809476,205407.0,522.53807,41747296.4705554,0.0
2026-05-14 14:00:00,79701.73,81020.0,79561.52,80964.85,1882.78042,2026-05-14 14:59:59.999,151434781.95098,307144.0,1058.12283,85070029.1025316,0.0
2026-05-14 15:00:00,80964.84,81332.23,80816.08,81301.23,2292.36231,2026-05-14 15:59:59.999,185816971.1588832,266567.0,1356.32872,109973609.4546063,0.0
2026-05-14 16:00:00,81301.22,81904.44,81080.25,81888.4,2732.81932,2026-05-14 16:59:59.999,222638527.8465234,351316.0,1740.19287,141794163.6607944,0.0
2026-05-14 17:00:00,81888.4,82048.13,81271.0,81668.48,1967.47911,2026-05-14 17:59:59.999,160760567.5346829,295375.0,1097.22886,89701149.1441162,0.0
2026-05-14 18:00:00,81668.49,81949.15,81440.38,81581.99,1012.7972,2026-05-14 18:59:59.999,82758482.4253424,163151.0,568.52333,46465979.4433809,0.0
2026-05-14 19:00:00,81582.0,81718.73,81330.12,81419.74,566.84044,2026-05-14 19:59:59.999,46191505.049581,137675.0,286.00897,23307091.6837749,0.0
2026-05-14 20:00:00,81419.75,81590.19,81166.22,81412.04,471.62836,2026-05-14 20:59:59.999,38371322.5030413,104948.0,259.67907,21132304.6781167,0.0
2026-05-14 21:00:00,81412.05,81526.08,81268.38,81396.61,292.07185,2026-05-14 21:59:59.999,23777295.9205538,68678.0,150.92421,12286370.594984,0.0
2026-05-14 22:00:00,81396.61,81559.71,81335.48,81456.0,322.84736,2026-05-14 22:59:59.999,26301613.7747878,55802.0,114.97412,9365040.0628054,0.0
2026-05-14 23:00:00,81456.0,81456.0,81059.93,81089.99,534.29082,2026-05-14 23:59:59.999,43398443.0152235,60479.0,134.94248,10957989.8531166,0.0
2026-05-15 00:00:00,81090.0,81664.45,81068.52,81518.67,578.5498,2026-05-15 00:59:59.999,47115389.1311064,134018.0,307.53591,25041511.7421517,0.0
2026-05-15 01:00:00,81518.66,81612.73,81106.2,81131.01,538.82284,2026-05-15 01:59:59.999,43884485.1246693,149647.0,273.66942,22293404.7816851,0.0
2026-05-15 02:00:00,81131.0,81350.0,80750.0,81299.14,829.4016,2026-05-15 02:59:59.999,67209227.2763639,181523.0,470.67179,38152205.2614503,0.0
2026-05-15 03:00:00,81299.14,81340.81,80930.82,81059.15,506.95135,2026-05-15 03:59:59.999,41122151.7438253,108329.0,229.07498,18588088.8805844,0.0
2026-05-15 04:00:00,81059.15,81100.0,80709.09,80724.71,367.57246,2026-05-15 04:59:59.999,29752838.1892509,80398.0,109.34756,8850253.1172773,0.0
2026-05-15 05:00:00,80724.71,80882.45,80314.0,80360.01,1029.21412,2026-05-15 05:59:59.999,82885459.9880031,165592.0,434.4465,34985494.0830424,0.0
2026-05-15 06:00:00,80360.01,80644.5,80314.01,80580.0,815.53271,2026-05-15 06:59:59.999,65637509.1714884,112700.0,423.67993,34108052.7144483,0.0
2026-05-15 07:00:00,80580.0,81003.37,80559.88,80814.88,878.78211,2026-05-15 07:59:59.999,71005396.835097,107092.0,567.19828,45825645.5789247,0.0
2026-05-15 08:00:00,80814.88,80822.95,80415.84,80638.0,538.63644,2026-05-15 08:59:59.999,43432901.0063637,101514.0,279.25397,22521292.4130053,0.0
2026-05-15 09:00:00,80638.0,80670.51,80369.0,80489.8,471.66166,2026-05-15 09:59:59.999,37968205.0864108,85279.0,221.7574,17854190.8632189,0.0
2026-05-15 10:00:00,80489.81,80776.33,80407.6,80716.23,444.96934,2026-05-15 10:59:59.999,35855602.6139303,87809.0,256.37664,20655589.0176003,0.0
2026-05-15 11:00:00,80716.22,80750.56,80590.08,80628.53,250.99223,2026-05-15 11:59:59.999,20242200.1410531,58288.0,120.79326,9741449.033374,0.0
2026-05-15 12:00:00,80628.52,80635.44,80340.83,80385.11,535.00082,2026-05-15 12:59:59.999,43054726.5465231,93043.0,278.72922,22430282.7840125,0.0
2026-05-15 13:00:00,80385.1,80385.11,78698.69,78758.59,3101.88518,2026-05-15 13:59:59.999,246415084.7994464,455882.0,1467.66914,116635572.3372949,0.0
2026-05-15 14:00:00,78758.59,79353.32,78659.0,79150.37,1965.21031,2026-05-15 14:59:59.999,155356231.3724261,384645.0,866.88211,68547766.3042544,0.0
2026-05-15 15:00:00,79150.36,79369.36,79013.81,79150.27,606.4731,2026-05-15 15:59:59.999,48024718.948651,179829.0,275.78657,21840147.9151793,0.0
2026-05-15 16:00:00,79150.26,79382.3,79131.01,79294.31,514.78679,2026-05-15 16:59:59.999,40791705.4313792,135622.0,219.36441,17382763.7356445,0.0
2026-05-15 17:00:00,79294.31,79504.83,79224.0,79460.0,478.80422,2026-05-15 17:59:59.999,38002781.4793883,106352.0,204.16642,16205016.3384069,0.0
2026-05-15 18:00:00,79460.0,79561.94,79170.47,79284.0,544.01093,2026-05-15 18:59:59.999,43159787.2386719,126000.0,185.31158,14701059.8858126,0.0
2026-05-15 19:00:00,79284.01,79290.0,79051.0,79146.5,421.75884,2026-05-15 19:59:59.999,33377816.3129792,103925.0,165.11343,13067095.3282043,0.0
2026-05-15 20:00:00,79146.5,79217.07,79000.0,79123.12,224.44355,2026-05-15 20:59:59.999,17758327.6420603,66660.0,85.017,6726784.3791046,0.0
2026-05-15 21:00:00,79123.13,79200.0,78911.42,78973.5,682.32127,2026-05-15 21:59:59.999,53983152.8803235,71661.0,347.44044,27490866.6487091,0.0
2026-05-15 22:00:00,78973.5,79145.44,78973.49,79107.38,347.86808,2026-05-15 22:59:59.999,27507980.6407504,46035.0,178.7555,14134932.8900606,0.0
2026-05-15 23:00:00,79107.38,79161.86,79077.96,79113.21,677.62104,2026-05-15 23:59:59.999,53608994.7687066,42271.0,365.13699,28886567.8825495,0.0
2026-05-16 00:00:00,79113.2,79227.77,79075.09,79111.92,314.0124,2026-05-16 00:59:59.999,24859118.0651999,40385.0,161.21693,12762625.404272,0.0
2026-05-16 01:00:00,79111.92,79186.05,79010.0,79168.0,357.20294,2026-05-16 01:59:59.999,28255996.4500658,53095.0,176.51261,13963898.2508062,0.0
2026-05-16 02:00:00,79168.0,79211.77,79080.1,79155.54,208.30505,2026-05-16 02:59:59.999,16486370.5460379,45575.0,98.92205,7829455.8419762,0.0
2026-05-16 03:00:00,79155.55,79187.71,79059.77,79083.18,368.66241,2026-05-16 03:59:59.999,29180664.8168698,33837.0,172.6864,13668503.6621372,0.0
2026-05-16 04:00:00,79083.19,79129.71,78860.0,79035.26,321.76822,2026-05-16 04:59:59.999,25426625.1386811,54989.0,131.83967,10420369.0275136,0.0
2026-05-16 05:00:00,79035.25,79039.49,78933.63,79027.37,183.05543,2026-05-16 05:59:59.999,14462418.9512317,37192.0,96.68237,7638233.8458715,0.0
2026-05-16 06:00:00,79027.36,79047.94,78459.87,78648.0,632.26156,2026-05-16 06:59:59.999,49776098.8992497,96343.0,217.69857,17141832.8554081,0.0
2026-05-16 07:00:00,78648.0,78651.63,78066.0,78369.77,1267.74437,2026-05-16 07:59:59.999,99339534.9962254,179779.0,592.63271,46448788.8150093,0.0
2026-05-16 08:00:00,78369.78,78530.52,78334.21,78426.56,379.04319,2026-05-16 08:59:59.999,29727192.57455,59519.0,208.15603,16325325.7043067,0.0
2026-05-16 09:00:00,78426.55,78440.81,77906.1,78083.48,1104.4311,2026-05-16 09:59:59.999,86256129.2924353,166456.0,420.34905,32830404.0370506,0.0
2026-05-16 10:00:00,78083.47,78101.43,77640.0,77960.0,1759.70594,2026-05-16 10:59:59.999,137039456.3498661,178080.0,584.92361,45549245.497397,0.0
2026-05-16 11:00:00,77959.99,78193.88,77959.99,78081.71,602.9198,2026-05-16 11:59:59.999,47085567.6465381,61191.0,291.30287,22752187.4008867,0.0
2026-05-16 12:00:00,78080.46,78133.38,77918.62,78007.23,791.53177,2026-05-16 12:59:59.999,61774657.241827,62131.0,460.43254,35933759.8437719,0.0
2026-05-16 13:00:00,78007.24,78014.6,77833.4,78014.6,830.86287,2026-05-16 13:59:59.999,64749332.5101838,67260.0,509.26978,39687979.2058134,0.0
2026-05-16 14:00:00,78014.6,78346.0,77895.2,78130.55,729.04785,2026-05-16 14:59:59.999,56907723.6158008,88253.0,453.325,35382383.5248881,0.0
2026-05-16 15:00:00,78130.55,78285.0,78078.22,78238.67,332.91477,2026-05-16 15:59:59.999,26026836.2998008,59644.0,182.57287,14273685.4318706,0.0
2026-05-16 16:00:00,78238.68,78364.65,78119.72,78205.96,328.10255,2026-05-16 16:59:59.999,25669848.2305783,66610.0,164.75854,12891883.9981407,0.0
2026-05-16 17:00:00,78205.96,78320.41,78199.0,78201.5,350.20669,2026-05-16 17:59:59.999,27411424.1699479,43734.0,165.01435,12916677.511658,0.0
2026-05-16 18:00:00,78201.5,78327.75,78142.99,78229.81,310.63405,2026-05-16 18:59:59.999,24296351.0766688,39812.0,124.66861,9752240.9022254,0.0
2026-05-16 19:00:00,78229.82,78314.69,78204.22,78259.66,271.10252,2026-05-16 19:59:59.999,21220623.1417996,32869.0,208.78715,16343315.769902,0.0
2026-05-16 20:00:00,78259.67,78318.94,78201.42,78261.0,194.3429,2026-05-16 20:59:59.999,15210842.1021951,30038.0,105.80844,8281563.1919868,0.0
2026-05-16 21:00:00,78261.0,78308.33,78206.85,78265.73,237.27188,2026-05-16 21:59:59.999,18570616.5924626,32471.0,146.28791,11449939.8194136,0.0
2026-05-16 22:00:00,78265.73,78279.28,78171.02,78186.25,128.79242,2026-05-16 22:59:59.999,10074259.8219831,33453.0,55.50916,4342067.331254,0.0
2026-05-16 23:00:00,78186.25,78267.46,78125.32,78148.05,128.93924,2026-05-16 23:59:59.999,10082968.1286524,34945.0,46.95416,3671822.5617885,0.0
2026-05-17 00:00:00,78148.05,78243.19,77812.0,77945.85,311.59646,2026-05-17 00:59:59.999,24321558.3152455,60228.0,86.68868,6769328.7898213,0.0
2026-05-17 01:00:00,77945.85,78114.0,77721.19,77725.71,516.53667,2026-05-17 01:59:59.999,40235542.0633642,104058.0,198.219,15441295.2751936,0.0
2026-05-17 02:00:00,77725.72,77938.0,77725.71,77895.51,256.64293,2026-05-17 02:59:59.999,19984815.5756637,56785.0,150.4138,11711736.4766628,0.0
2026-05-17 03:00:00,77895.5,78079.3,77888.0,78028.88,200.15322,2026-05-17 03:59:59.999,15611466.4268215,38416.0,103.0662,8038870.8078295,0.0
2026-05-17 04:00:00,78028.88,78203.93,78003.35,78158.09,375.99093,2026-05-17 04:59:59.999,29377929.4922603,40924.0,219.59695,17157906.2343383,0.0
2026-05-17 05:00:00,78158.08,78323.96,78102.42,78121.41,258.98839,2026-05-17 05:59:59.999,20250830.3015424,35295.0,126.91898,9925663.3231053,0.0
2026-05-17 06:00:00,78121.41,78204.01,78017.0,78104.8,136.86954,2026-05-17 06:59:59.999,10690320.4047192,30420.0,62.43902,4877140.5273237,0.0
2026-05-17 07:00:00,78104.79,78208.69,78053.79,78180.01,180.24659,2026-05-17 07:59:59.999,14083802.606048,33257.0,95.26164,7443690.747412,0.0
2026-05-17 08:00:00,78180.0,78200.91,78033.01,78089.8,117.37418,2026-05-17 08:59:59.999,9167507.3184355,30308.0,46.91302,3663982.2709239,0.0
2026-05-17 09:00:00,78089.8,78293.97,78073.52,78249.33,196.43485,2026-05-17 09:59:59.999,15350723.6525897,33341.0,109.98337,8595502.9087421,0.0
2026-05-17 10:00:00,78249.33,78599.99,78249.03,78465.99,564.92985,2026-05-17 10:59:59.999,44316620.9476285,89164.0,328.99301,25805948.0895642,0.0
2026-05-17 11:00:00,78465.99,78473.82,78289.0,78415.99,257.4445,2026-05-17 11:59:59.999,20181943.0113538,56126.0,109.91821,8616100.4530779,0.0
2026-05-17 12:00:00,78415.99,78550.0,78333.8,78364.83,254.43689,2026-05-17 12:59:59.999,19956514.212671,48851.0,124.40752,9758239.0132793,0.0
2026-05-17 13:00:00,78364.83,78364.83,78173.15,78202.91,260.27625,2026-05-17 13:59:59.999,20369850.8752517,52075.0,68.48755,5359817.627231,0.0
2026-05-17 14:00:00,78202.91,78217.33,77850.0,78051.51,397.56893,2026-05-17 14:59:59.999,31022076.6499171,87291.0,140.53134,10964774.4879091,0.0
2026-05-17 15:00:00,78051.51,78119.42,77920.76,78051.41,203.63392,2026-05-17 15:59:59.999,15890313.2377839,53234.0,94.65518,7386459.8364567,0.0
2026-05-17 16:00:00,78051.42,78193.66,78025.23,78034.36,142.87987,2026-05-17 16:59:59.999,11159950.6967552,43198.0,71.71267,5601363.2692153,0.0
2026-05-17 17:00:00,78034.37,78092.44,77856.69,78089.98,296.4389,2026-05-17 17:59:59.999,23114462.3220228,65457.0,164.77445,12849445.8368191,0.0
2026-05-17 18:00:00,78089.99,78271.59,78014.33,78268.05,172.43416,2026-05-17 18:59:59.999,13477316.9331785,53543.0,87.02962,6803676.6765022,0.0
2026-05-17 19:00:00,78268.04,78468.46,78209.96,78415.3,225.32283,2026-05-17 19:59:59.999,17646961.5876119,50245.0,127.98812,10024592.4151587,0.0
2026-05-17 20:00:00,78415.29,78435.32,78248.8,78277.36,205.39109,2026-05-17 20:59:59.999,16083638.9996239,39153.0,94.80878,7423967.0359181,0.0
2026-05-17 21:00:00,78277.36,78485.36,78243.5,78405.72,293.90051,2026-05-17 21:59:59.999,23036658.9477714,42847.0,163.17311,12790426.6611887,0.0
2026-05-17 22:00:00,78405.72,78414.16,77830.0,77997.24,585.78673,2026-05-17 22:59:59.999,45721027.0233793,137547.0,209.96609,16389074.9883909,0.0
2026-05-17 23:00:00,77997.24,78008.18,76735.16,77457.67,2031.42401,2026-05-17 23:59:59.999,157009650.043213,288670.0,911.92139,70459883.1566573,0.0
2026-05-18 00:00:00,77457.67,77477.99,76916.6,77209.95,1062.83033,2026-05-18 00:59:59.999,81984258.9321795,265358.0,475.20276,36657424.4183217,0.0
2026-05-18 01:00:00,77209.95,77291.54,76744.95,77109.22,771.47833,2026-05-18 01:59:59.999,59378288.4337542,213677.0,412.04721,31717082.0991443,0.0
2026-05-18 02:00:00,77109.21,77222.03,76707.61,76835.41,544.67309,2026-05-18 02:59:59.999,41930139.7189693,110571.0,293.61678,22602236.1052859,0.0
2026-05-18 03:00:00,76835.41,77030.42,76817.14,76924.65,509.0298,2026-05-18 03:59:59.999,39158676.1676958,92865.0,278.52922,21426402.395899,0.0
2026-05-18 04:00:00,76924.66,77069.77,76772.01,77038.49,354.48166,2026-05-18 04:59:59.999,27275549.4044702,72035.0,191.37122,14727070.2167128,0.0
2026-05-18 05:00:00,77038.49,77080.93,76884.33,76931.4,586.83852,2026-05-18 05:59:59.999,45173542.2494691,79600.0,324.11647,24948432.5401869,0.0
2026-05-18 06:00:00,76931.4,76967.8,76583.33,76912.52,621.71728,2026-05-18 06:59:59.999,47743453.9173338,113678.0,282.75453,21715237.7124123,0.0
2026-05-18 07:00:00,76912.53,77089.29,76771.53,77073.69,1139.6298,2026-05-18 07:59:59.999,87747781.7559723,112705.0,536.01526,41263992.057779,0.0
2026-05-18 08:00:00,77073.69,77181.88,76890.34,77040.42,562.21651,2026-05-18 08:59:59.999,43300512.8710953,92598.0,303.83254,23402755.8258499,0.0
2026-05-18 09:00:00,77040.43,77048.14,76877.17,76933.16,365.74952,2026-05-18 09:59:59.999,28143295.4420434,64042.0,151.30073,11643492.6038899,0.0
2026-05-18 10:00:00,76933.17,76957.35,76716.99,76764.74,432.20236,2026-05-18 10:59:59.999,33204222.8893796,67906.0,186.53046,14328839.6263133,0.0
2026-05-18 11:00:00,76764.75,77403.48,76668.58,77285.83,692.38548,2026-05-18 11:59:59.999,53361231.2373958,122789.0,360.56299,27792879.8938598,0.0
2026-05-18 12:00:00,77285.83,77800.0,77275.96,77639.98,980.76582,2026-05-18 12:59:59.999,76026432.2933448,185228.0,533.49887,41359867.665964,0.0
2026-05-18 13:00:00,77639.99,77639.99,76695.31,76937.7,1116.5633,2026-05-18 13:59:59.999,86075888.8482891,265756.0,437.40687,33710901.5611116,0.0
2026-05-18 14:00:00,76937.7,76954.25,76230.02,76393.65,2158.59337,2026-05-18 14:59:59.999,165251866.2292101,343255.0,857.43415,65654698.1673099,0.0
2026-05-18 15:00:00,76393.66,76485.29,76051.0,76409.46,1960.17489,2026-05-18 15:59:59.999,149428008.1143902,299046.0,874.54442,66663995.7942353,0.0
2026-05-18 16:00:00,76409.46,76665.68,76218.0,76410.01,1252.9383,2026-05-18 16:59:59.999,95789833.0367202,217847.0,505.9762,38680168.7085754,0.0
2026-05-18 17:00:00,76410.0,76757.21,76366.13,76706.39,450.87486,2026-05-18 17:59:59.999,34549035.3046208,129138.0,196.38421,15047528.9510583,0.0
2026-05-18 18:00:00,76706.38,76706.38,76144.24,76252.5,779.57136,2026-05-18 18:59:59.999,59534820.0526275,148893.0,454.16077,34686248.1053749,0.0
2026-05-18 19:00:00,76252.01,76995.0,76235.0,76928.0,812.47229,2026-05-18 19:59:59.999,62305567.620232,223272.0,486.27553,37276451.5321715,0.0
2026-05-18 20:00:00,76928.0,77182.14,76874.73,76909.92,463.85785,2026-05-18 20:59:59.999,35724366.4839592,102387.0,202.50412,15596516.4924365,0.0
2026-05-18 21:00:00,76909.92,77174.23,76800.0,77103.05,491.7356,2026-05-18 21:59:59.999,37855530.1464339,84645.0,227.91808,17546774.6602643,0.0
2026-05-18 22:00:00,77103.04,77222.79,76937.19,77078.22,359.68174,2026-05-18 22:59:59.999,27725957.9576624,73858.0,185.35804,14289648.9155073,0.0
2026-05-18 23:00:00,77078.22,77160.79,76948.8,77001.87,275.05472,2026-05-18 23:59:59.999,21193772.7847227,48179.0,159.11648,12260342.2756524,0.0
2026-05-19 00:00:00,77001.88,77414.62,76955.99,77140.87,556.43712,2026-05-19 00:59:59.999,42925866.0935382,102605.0,344.95546,26604210.7282015,0.0
2026-05-19 01:00:00,77140.86,77156.2,76667.0,76667.01,769.46148,2026-05-19 01:59:59.999,59127312.0286029,128318.0,303.92085,23353831.6811438,0.0
2026-05-19 02:00:00,76667.01,76997.33,76487.83,76617.47,469.02583,2026-05-19 02:59:59.999,35997292.231605,116810.0,210.08414,16130185.1585675,0.0
2026-05-19 03:00:00,76617.46,76867.23,76586.11,76787.11,211.83571,2026-05-19 03:59:59.999,16261601.3668782,62060.0,99.34792,7627097.2384372,0.0
2026-05-19 04:00:00,76787.1,76943.75,76700.0,76927.25,239.72033,2026-05-19 04:59:59.999,18419385.4745937,67084.0,132.46103,10178332.2634448,0.0
2026-05-19 05:00:00,76927.25,77000.0,76644.98,76911.24,392.43215,2026-05-19 05:59:59.999,30153671.8826531,83908.0,157.29162,12087887.0344759,0.0
2026-05-19 06:00:00,76911.25,77108.68,76886.13,77029.4,386.11356,2026-05-19 06:59:59.999,29731962.8024673,74613.0,171.96171,13241494.9054535,0.0
2026-05-19 07:00:00,77029.41,77278.57,76974.72,77233.69,490.1935,2026-05-19 07:59:59.999,37830146.4388953,86744.0,259.20278,20004907.8571547,0.0
2026-05-19 08:00:00,77233.68,77317.02,76972.96,77048.71,465.92336,2026-05-19 08:59:59.999,35946317.5427735,89801.0,251.20695,19382481.8913368,0.0
2026-05-19 09:00:00,77048.72,77074.05,76709.29,76818.8,385.08727,2026-05-19 09:59:59.999,29596553.2709664,95544.0,172.47266,13256763.7300048,0.0
2026-05-19 10:00:00,76818.8,77103.97,76704.0,77041.87,464.38738,2026-05-19 10:59:59.999,35701773.2835163,98724.0,227.15575,17464820.4810006,0.0
2026-05-19 11:00:00,77041.87,77076.53,76633.83,76714.62,430.29111,2026-05-19 11:59:59.999,33085384.4505504,69612.0,231.57556,17806085.7885598,0.0
2026-05-19 12:00:00,76714.61,76982.89,76650.06,76940.21,257.11004,2026-05-19 12:59:59.999,19759037.985532,64711.0,115.83114,8903056.6513032,0.0
2026-05-19 13:00:00,76940.2,77048.72,76596.0,76872.75,906.63403,2026-05-19 13:59:59.999,69648421.1272935,212900.0,494.46075,37989841.953834,0.0
2026-05-19 14:00:00,76872.74,77023.75,76144.71,76392.43,1426.24149,2026-05-19 14:59:59.999,109089303.9610486,268808.0,634.01335,48494785.1593236,0.0
2026-05-19 15:00:00,76392.43,76675.76,76337.97,76521.23,773.78391,2026-05-19 15:59:59.999,59211709.069674,140521.0,476.91492,36494378.4806469,0.0
2026-05-19 16:00:00,76521.24,76911.0,76407.72,76894.59,568.91388,2026-05-19 16:59:59.999,43609768.2532168,105964.0,360.63289,27652896.2659933,0.0
2026-05-19 17:00:00,76894.59,77015.41,76759.39,76856.76,442.15826,2026-05-19 17:59:59.999,34008306.1243081,98700.0,259.05764,19928962.0489797,0.0
2026-05-19 18:00:00,76856.76,76947.2,76744.8,76803.28,282.19478,2026-05-19 18:59:59.999,21685275.9136433,71312.0,150.44356,11560636.8940506,0.0
2026-05-19 19:00:00,76803.28,77065.8,76765.14,76818.74,341.73224,2026-05-19 19:59:59.999,26278650.7162641,84920.0,188.60457,14505183.4735602,0.0
2026-05-19 20:00:00,76818.73,77040.24,76818.73,77022.23,147.68289,2026-05-19 20:59:59.999,11363387.7918735,37733.0,89.77739,6907421.3890252,0.0
2026-05-19 21:00:00,77022.22,77040.83,76973.76,76982.34,185.29058,2026-05-19 21:59:59.999,14269813.8483126,35717.0,93.43414,7195573.2231498,0.0
2026-05-19 22:00:00,76982.34,76982.34,76642.95,76712.21,233.07768,2026-05-19 22:59:59.999,17893953.400091,69659.0,118.88713,9125005.8979294,0.0
2026-05-19 23:00:00,76712.22,76980.07,76670.52,76834.36,199.1312,2026-05-19 23:59:59.999,15309483.2495057,48353.0,137.08057,10539265.8664908,0.0
2026-05-20 00:00:00,76834.36,76896.5,76516.74,76788.83,236.25061,2026-05-20 00:59:59.999,18118602.8161591,103108.0,102.54502,7864555.6524044,0.0
2026-05-20 01:00:00,76788.83,76922.46,76536.59,76820.98,358.53384,2026-05-20 01:59:59.999,27514665.9339074,121947.0,171.19192,13140203.0408965,0.0
2026-05-20 02:00:00,76820.98,76909.62,76600.0,76690.42,293.25018,2026-05-20 02:59:59.999,22511689.900693,83504.0,128.20272,9842565.9842493,0.0
2026-05-20 03:00:00,76690.42,76829.61,76604.99,76723.54,673.76637,2026-05-20 03:59:59.999,51659442.7751386,67489.0,253.77988,19455639.783372,0.0
2026-05-20 04:00:00,76723.55,76836.82,76692.0,76780.37,365.31048,2026-05-20 04:59:59.999,28048299.0734874,50216.0,155.62498,11948982.3834402,0.0
2026-05-20 05:00:00,76780.37,77320.0,76780.37,77196.99,973.23466,2026-05-20 05:59:59.999,75087108.9103383,114814.0,555.77315,42874885.8454901,0.0
2026-05-20 06:00:00,77196.99,77422.0,77179.93,77414.11,528.12463,2026-05-20 06:59:59.999,40817906.1144523,76182.0,314.55706,24315879.3310327,0.0
2026-05-20 07:00:00,77414.1,77472.21,77241.13,77282.64,351.42212,2026-05-20 07:59:59.999,27184942.7928222,63384.0,161.95813,12529208.9571368,0.0
2026-05-20 08:00:00,77282.65,77635.52,77210.33,77458.04,548.89961,2026-05-20 08:59:59.999,42504194.9141934,71184.0,307.89743,23845512.5330387,0.0
2026-05-20 09:00:00,77458.05,77543.59,77365.94,77485.13,360.90275,2026-05-20 09:59:59.999,27957195.3032465,54458.0,181.69976,14074319.1986707,0.0
2026-05-20 10:00:00,77485.14,77663.0,77485.14,77517.45,409.79863,2026-05-20 10:59:59.999,31795958.8506129,52231.0,259.88715,20163945.0578711,0.0
2026-05-20 11:00:00,77517.46,77569.1,77328.2,77382.49,362.81092,2026-05-20 11:59:59.999,28105656.8607325,45332.0,110.14628,8532314.5964788,0.0
2026-05-20 12:00:00,77382.5,77748.05,77365.52,77617.26,377.41047,2026-05-20 12:59:59.999,29273615.6116588,53326.0,211.16976,16383647.2087341,0.0
2026-05-20 13:00:00,77617.26,77650.62,76968.05,77204.61,682.21238,2026-05-20 13:59:59.999,52686387.519486,206393.0,309.93025,23937851.1965126,0.0
2026-05-20 14:00:00,77204.61,77574.29,76891.61,77446.08,1202.39421,2026-05-20 14:59:59.999,92958070.6846497,309680.0,601.84619,46520194.1601713,0.0
2026-05-20 15:00:00,77446.01,77853.04,77300.0,77455.46,777.75101,2026-05-20 15:59:59.999,60346333.2502221,202374.0,393.98232,30574353.5859955,0.0
2026-05-20 16:00:00,77455.45,77557.0,77018.38,77338.6,407.4641,2026-05-20 16:59:59.999,31482383.307917,161576.0,210.70082,16280207.8416265,0.0
2026-05-20 17:00:00,77338.6,77713.66,77230.86,77568.95,501.34929,2026-05-20 17:59:59.999,38869474.8528956,121665.0,280.77779,21767867.0580539,0.0
2026-05-20 18:00:00,77568.95,77634.52,77398.63,77415.09,414.50917,2026-05-20 18:59:59.999,32135060.877229,89589.0,242.15059,18773976.2936159,0.0
2026-05-20 19:00:00,77415.09,77709.68,77350.71,77667.49,388.96569,2026-05-20 19:59:59.999,30152795.8372189,92314.0,248.08915,19229652.4744861,0.0
2026-05-20 20:00:00,77667.49,77760.0,77476.19,77720.01,357.7103,2026-05-20 20:59:59.999,27778637.6500113,98182.0,146.73444,11395584.5343385,0.0
2026-05-20 21:00:00,77720.01,77766.6,77500.0,77500.01,158.00627,2026-05-20 21:59:59.999,12268334.7202966,55549.0,55.98954,4347547.7439812,0.0
2026-05-20 22:00:00,77500.01,77504.69,77226.61,77504.69,367.95652,2026-05-20 22:59:59.999,28478431.3561151,92956.0,118.89914,9202716.6300526,0.0
2026-05-20 23:00:00,77504.69,77559.34,77386.93,77552.23,198.22886,2026-05-20 23:59:59.999,15356081.5581514,50301.0,82.62895,6400389.1396601,0.0
2026-05-21 00:00:00,77552.24,78071.42,77525.0,77967.09,547.83434,2026-05-21 00:59:59.999,42610920.5323608,102859.0,353.13807,27466718.4648115,0.0
2026-05-21 01:00:00,77967.09,78173.15,77800.0,77863.85,453.71737,2026-05-21 01:59:59.999,35367923.4379255,108406.0,222.92078,17379782.7171647,0.0
2026-05-21 02:00:00,77863.85,78100.0,77820.1,77955.78,820.7986,2026-05-21 02:59:59.999,64030303.2546567,66846.0,436.54366,34056391.9366927,0.0
2026-05-21 03:00:00,77955.78,78098.85,77908.0,78078.72,441.60659,2026-05-21 03:59:59.999,34440855.6146364,45148.0,230.83355,18003281.4081018,0.0
2026-05-21 04:00:00,78078.72,78180.01,77965.36,78035.8,365.79347,2026-05-21 04:59:59.999,28546313.5368702,51539.0,148.32572,11576606.4606636,0.0
2026-05-21 05:00:00,78035.8,78147.07,77714.94,77828.0,390.37362,2026-05-21 05:59:59.999,30415346.7884126,65341.0,149.29679,11634058.9760913,0.0
2026-05-21 06:00:00,77828.0,77873.15,77533.45,77622.14,317.41875,2026-05-21 06:59:59.999,24665483.2671031,71236.0,132.31551,10284101.3340127,0.0
2026-05-21 07:00:00,77622.14,77901.06,77521.0,77889.01,380.5065,2026-05-21 07:59:59.999,29547564.5987294,85483.0,206.65668,16054306.6051171,0.0
2026-05-21 08:00:00,77889.01,78200.0,77885.53,77924.63,493.4737,2026-05-21 08:59:59.999,38501104.8556647,111254.0,201.21688,15702701.4014316,0.0
2026-05-21 09:00:00,77924.63,77977.53,77633.02,77633.02,277.92731,2026-05-21 09:59:59.999,21617293.9640802,57878.0,116.12849,9030023.4574276,0.0
2026-05-21 10:00:00,77633.03,77678.01,77190.09,77198.08,783.43483,2026-05-21 10:59:59.999,60627925.5177328,149767.0,446.38045,34547274.0627597,0.0
2026-05-21 11:00:00,77198.09,77372.0,77147.15,77189.1,380.03818,2026-05-21 11:59:59.999,29363239.5948107,79292.0,212.2675,16401307.1827871,0.0
2026-05-21 12:00:00,77189.1,77363.32,77080.72,77278.53,382.67307,2026-05-21 12:59:59.999,29551697.5436456,94328.0,222.37985,17174548.3382764,0.0
2026-05-21 13:00:00,77278.52,77358.05,76719.47,77122.68,862.17497,2026-05-21 13:59:59.999,66431826.9897685,216089.0,374.2719,28844093.2305555,0.0
2026-05-21 14:00:00,77122.67,77240.82,76788.8,76984.61,697.95187,2026-05-21 14:59:59.999,53761580.7014296,192835.0,357.59674,27548149.9578449,0.0
2026-05-21 15:00:00,76984.61,77402.12,76900.0,77259.46,411.10449,2026-05-21 15:59:59.999,31718178.6183363,132970.0,215.58394,16633610.5477244,0.0
2026-05-21 16:00:00,77259.45,77344.01,77008.75,77207.93,404.33559,2026-05-21 16:59:59.999,31204124.7301088,113607.0,203.9926,15742771.4164364,0.0
2026-05-21 17:00:00,77207.92,78098.16,77181.83,77869.38,1291.96294,2026-05-21 17:59:59.999,100383117.7411416,235690.0,771.09049,59889469.7820838,0.0
2026-05-21 18:00:00,77869.38,77922.01,77230.0,77387.74,559.91554,2026-05-21 18:59:59.999,43441777.9497551,168985.0,196.94101,15280707.4981939,0.0
2026-05-21 19:00:00,77387.74,77802.51,77365.97,77690.56,437.10444,2026-05-21 19:59:59.999,33913185.5764784,110132.0,272.91991,21177896.1853071,0.0
2026-05-21 20:00:00,77690.56,77804.75,77647.75,77705.81,144.76199,2026-05-21 20:59:59.999,11250921.1472564,53651.0,73.74742,5732153.8770185,0.0
2026-05-21 21:00:00,77705.8,77813.35,77645.4,77672.29,182.97007,2026-05-21 21:59:59.999,14226389.079458,51377.0,91.1619,7088810.7745737,0.0
2026-05-21 22:00:00,77672.3,77750.61,77555.33,77628.0,130.38276,2026-05-21 22:59:59.999,10125328.8271598,55511.0,47.30992,3673801.6020059,0.0
2026-05-21 23:00:00,77628.01,77745.39,77534.43,77615.52,159.99742,2026-05-21 23:59:59.999,12426293.360228,52922.0,81.98878,6368177.9241713,0.0
2026-05-22 00:00:00,77615.52,77628.38,77369.49,77373.57,228.62269,2026-05-22 00:59:59.999,17715270.987881,88734.0,85.19027,6601669.365149,0.0
2026-05-22 01:00:00,77373.57,77673.5,77327.28,77616.0,252.86608,2026-05-22 01:59:59.999,19592030.9285808,69421.0,139.81763,10833044.4966265,0.0
2026-05-22 02:00:00,77616.0,77728.01,77593.16,77673.36,244.81122,2026-05-22 02:59:59.999,19013172.1605043,55697.0,117.7062,9141658.8480475,0.0
2026-05-22 03:00:00,77673.37,77817.8,77673.36,77779.98,158.00162,2026-05-22 03:59:59.999,12286557.4817551,48184.0,84.45662,6567383.8674568,0.0
2026-05-22 04:00:00,77779.98,77900.0,77637.99,77655.42,475.76681,2026-05-22 04:59:59.999,37001731.3014086,58370.0,281.35576,21887070.8125224,0.0
2026-05-22 05:00:00,77655.43,77726.0,77454.56,77489.0,344.3172,2026-05-22 05:59:59.999,26722034.0064139,61432.0,119.7089,9291546.6841959,0.0
2026-05-22 06:00:00,77489.0,77525.85,77370.4,77423.41,542.83384,2026-05-22 06:59:59.999,42047633.6655938,84906.0,292.27219,22639179.042648,0.0
2026-05-22 07:00:00,77423.41,77543.38,77288.77,77408.06,393.92568,2026-05-22 07:59:59.999,30502166.9040777,78796.0,213.25639,16517906.103847,0.0
2026-05-22 08:00:00,77408.07,77535.0,77216.0,77267.38,509.65577,2026-05-22 08:59:59.999,39442035.7042907,105792.0,239.6905,18554944.6297459,0.0
2026-05-22 09:00:00,77267.39,77360.0,77200.0,77307.11,276.32946,2026-05-22 09:59:59.999,21353007.1653226,56476.0,173.94273,13440924.5016538,0.0
2026-05-22 10:00:00,77307.12,77363.01,77261.73,77312.0,275.0182,2026-05-22 10:59:59.999,21262180.4596452,42585.0,136.61938,10561799.2367635,0.0
2026-05-22 11:00:00,77311.99,77430.55,77184.45,77428.84,375.5311,2026-05-22 11:59:59.999,29032400.2372827,62992.0,251.40755,19435807.2376637,0.0
2026-05-22 12:00:00,77428.83,77584.94,77395.45,77533.9,317.41573,2026-05-22 12:59:59.999,24594567.7096872,73499.0,151.79825,11761754.1515973,0.0
2026-05-22 13:00:00,77533.91,77547.56,77130.99,77290.01,419.18989,2026-05-22 13:59:59.999,32406247.8470876,133811.0,194.88458,15066413.4295456,0.0
2026-05-22 14:00:00,77290.0,77290.0,76751.0,76774.23,1004.6619,2026-05-22 14:59:59.999,77286080.3714562,171924.0,447.42729,34407230.695155,0.0
2026-05-22 15:00:00,76774.23,77030.64,76570.0,76790.59,872.56913,2026-05-22 15:59:59.999,66990590.7476256,158966.0,420.224,32273429.6787152,0.0
2026-05-22 16:00:00,76790.6,77006.69,76767.0,76950.68,481.05047,2026-05-22 16:59:59.999,37001034.5027344,105741.0,287.68155,22131057.9969556,0.0
2026-05-22 17:00:00,76950.67,77093.72,76750.0,76750.0,322.37426,2026-05-22 17:59:59.999,24801355.7907331,107245.0,143.47121,11040318.2861537,0.0
2026-05-22 18:00:00,76750.01,76898.0,76101.0,76537.47,809.74159,2026-05-22 18:59:59.999,61954775.1589657,160785.0,249.29479,19077099.0640138,0.0
2026-05-22 19:00:00,76537.47,76590.68,75668.76,75860.44,1201.88912,2026-05-22 19:59:59.999,91305184.2679573,268583.0,475.37691,36108006.6508598,0.0
2026-05-22 20:00:00,75860.44,76080.95,75826.0,75984.47,415.32736,2026-05-22 20:59:59.999,31539812.8325506,112130.0,186.72555,14179343.2384235,0.0
2026-05-22 21:00:00,75984.47,76087.85,75926.2,75978.83,349.85112,2026-05-22 21:59:59.999,26598067.1644651,68264.0,136.26912,10360040.258712,0.0
2026-05-22 22:00:00,75978.83,75978.84,75558.28,75737.52,473.52886,2026-05-22 22:59:59.999,35872946.9734645,91382.0,150.72194,11417292.350253,0.0
2026-05-22 23:00:00,75737.53,75881.18,75359.18,75539.5,527.08224,2026-05-22 23:59:59.999,39879576.5409758,105068.0,225.69145,17079733.9827444,0.0
2026-05-23 00:00:00,75539.5,75635.59,75220.0,75352.64,828.38332,2026-05-23 00:59:59.999,62464463.486472,177801.0,357.56037,26967898.7062192,0.0
2026-05-23 01:00:00,75352.64,75500.0,75350.0,75489.84,466.00374,2026-05-23 01:59:59.999,35157142.9495821,116362.0,252.42038,19042624.4430334,0.0
2026-05-23 02:00:00,75489.83,75581.27,75417.56,75572.07,334.42834,2026-05-23 02:59:59.999,25248800.7379006,48698.0,157.56808,11895365.1877227,0.0
2026-05-23 03:00:00,75572.07,75664.62,75563.33,75635.22,267.29386,2026-05-23 03:59:59.999,20211456.2074187,36530.0,105.93994,8010518.6175951,0.0
2026-05-23 04:00:00,75635.22,75650.63,75507.01,75539.77,198.6031,2026-05-23 04:59:59.999,15007666.2688025,34869.0,98.47847,7441386.5086693,0.0
2026-05-23 05:00:00,75539.77,75562.4,75469.89,75482.68,267.20559,2026-05-23 05:59:59.999,20175629.7247509,40164.0,128.90536,9733776.0480977,0.0
2026-05-23 06:00:00,75482.68,75501.09,75394.54,75398.33,189.47214,2026-05-23 06:59:59.999,14297067.3073173,36351.0,79.07915,5967330.8068532,0.0
2026-05-23 07:00:00,75398.33,75443.44,74289.6,74609.36,2035.70931,2026-05-23 07:59:59.999,152363030.689069,180109.0,803.6735,60103060.0591015,0.0
2026-05-23 08:00:00,74609.37,74746.67,74303.56,74684.3,963.9472,2026-05-23 08:59:59.999,71870536.652866,116134.0,485.45985,36209746.7826041,0.0
2026-05-23 09:00:00,74684.29,74752.45,74624.5,74656.91,431.5071,2026-05-23 09:59:59.999,32228434.6659344,44794.0,207.13071,15471009.4998601,0.0
2026-05-23 10:00:00,74656.91,74797.01,74656.91,74705.0,625.72233,2026-05-23 10:59:59.999,46774169.9057983,37440.0,279.92771,20925234.3019136,0.0
2026-05-23 11:00:00,74705.0,74873.55,74704.99,74789.99,487.9196,2026-05-23 11:59:59.999,36495428.1155355,30312.0,302.73681,22643759.8169992,0.0
2026-05-23 12:00:00,74789.99,74798.41,74660.05,74753.93,570.81814,2026-05-23 12:59:59.999,42660461.5087335,35012.0,350.32289,26181741.2440739,0.0
2026-05-23 13:00:00,74753.94,75262.86,74753.93,75213.9,815.89889,2026-05-23 13:59:59.999,61224194.7614783,98426.0,481.78924,36152593.5232738,0.0
2026-05-23 14:00:00,75213.9,75726.3,75108.15,75537.72,922.06012,2026-05-23 14:59:59.999,69513902.4231735,90365.0,566.48891,42722140.2019217,0.0
2026-05-23 15:00:00,75537.73,75676.0,75405.4,75520.0,634.72295,2026-05-23 15:59:59.999,47950918.2032751,72255.0,335.03305,25309259.3822771,0.0
2026-05-23 16:00:00,75519.99,75638.62,75415.17,75444.7,411.95204,2026-05-23 16:59:59.999,31104643.3032783,62849.0,192.31059,14521193.3724141,0.0
2026-05-23 17:00:00,75444.71,75522.0,75371.72,75488.18,566.20129,2026-05-23 17:59:59.999,42728055.0962179,55939.0,344.69323,26011909.5710086,0.0
2026-05-23 18:00:00,75488.17,75986.24,75472.04,75845.82,429.21806,2026-05-23 18:59:59.999,32535525.1740278,107879.0,229.50191,17392755.7418185,0.0
2026-05-23 19:00:00,75845.82,76012.22,75780.9,75983.45,364.9012,2026-05-23 19:59:59.999,27696028.1960317,68801.0,211.90402,16086596.0487694,0.0
2026-05-23 20:00:00,75983.45,77300.0,75953.94,77287.58,1242.58285,2026-05-23 20:59:59.999,95193275.4570245,239289.0,747.38264,57256364.4608194,0.0
2026-05-23 21:00:00,77286.08,77404.18,76538.04,76804.99,1147.59506,2026-05-23 21:59:59.999,88281100.9427488,197120.0,534.3833,41113562.9015477,0.0
2026-05-23 22:00:00,76805.0,76885.0,76396.06,76584.45,464.30329,2026-05-23 22:59:59.999,35571274.6424704,93641.0,243.19468,18635971.9864071,0.0
2026-05-23 23:00:00,76584.45,76822.0,76538.36,76752.01,420.43862,2026-05-23 23:59:59.999,32243399.3539089,82396.0,242.7024,18611072.4772979,0.0
2026-05-24 00:00:00,76752.0,76930.65,76629.02,76835.16,392.54327,2026-05-24 00:59:59.999,30137977.126974,73690.0,252.45866,19385289.8845764,0.0
2026-05-24 01:00:00,76835.16,76921.45,76754.53,76890.04,225.24128,2026-05-24 01:59:59.999,17310673.964813,46201.0,129.04034,9917398.6665257,0.0
2026-05-24 02:00:00,76890.04,76968.04,76704.32,76830.0,185.87406,2026-05-24 02:59:59.999,14283020.4342934,43212.0,83.13555,6389419.3228725,0.0
2026-05-24 03:00:00,76830.01,77011.62,76738.5,76750.0,248.04543,2026-05-24 03:59:59.999,19061261.5534541,49639.0,73.99829,5689146.8050735,0.0
2026-05-24 04:00:00,76750.01,76858.26,76730.0,76786.5,163.64327,2026-05-24 04:59:59.999,12566833.9033632,33663.0,88.1558,6770017.4736445,0.0
2026-05-24 05:00:00,76786.5,76861.78,76651.59,76822.23,202.16815,2026-05-24 05:59:59.999,15512314.4019523,33881.0,56.74557,4354867.0591299,0.0
2026-05-24 06:00:00,76822.23,77065.94,76716.02,76987.58,257.8917,2026-05-24 06:59:59.999,19821680.9037071,47296.0,132.81732,10210305.0971671,0.0
2026-05-24 07:00:00,76987.58,77014.24,76786.2,76799.99,193.96514,2026-05-24 07:59:59.999,14913431.1889159,41262.0,107.51384,8267250.8255589,0.0
2026-05-24 08:00:00,76799.99,76861.77,76734.42,76830.69,226.94949,2026-05-24 08:59:59.999,17430374.9393504,30043.0,109.9325,8443294.2401311,0.0
2026-05-24 09:00:00,76830.69,77046.67,76821.86,77020.53,369.92973,2026-05-24 09:59:59.999,28466383.4785398,36666.0,243.16538,18712299.6089285,0.0
2026-05-24 10:00:00,77020.54,77543.15,76927.04,77194.7,782.53817,2026-05-24 10:59:59.999,60452704.0322776,81653.0,472.57919,36502852.1334585,0.0
